{
    "src/addons/BergStudio/CryptoBotPayment/addon.json": "11210eb540f58511229d8192552acd5d963dd6fb8b83c70e1c5028f751fe3c45",
    "src/addons/BergStudio/CryptoBotPayment/Data/Currency.php": "1612e6224964c1ddad9860f9b0381affac38290e6c05607747e3702d5e13c207",
    "src/addons/BergStudio/CryptoBotPayment/Listener.php": "67476f505c251d6e04dfcff39f582f275ce2b5fc540b962445d386221d639351",
    "src/addons/BergStudio/CryptoBotPayment/Payment/CryptoBot.php": "4a32da2a2e5de4baeb9ccd0eae69bdfb566e76ab2be59019e18c53145ef9cd11",
    "src/addons/BergStudio/CryptoBotPayment/Service/Api.php": "de0ed26a924f7ed072401824a0ef61bf6afd4bd4db7390716ca2a5a3b545cb87",
    "src/addons/BergStudio/CryptoBotPayment/Setup.php": "815b6d5c4d8908ee8b5f169fcbd7dc6c1ce6cb354e227363dd15c88b40ee3f16",
    "src/addons/BergStudio/CryptoBotPayment/XF/Admin/Controller/Log.php": "da24c01c45c29b191e7a7fb1e4981f2ec4b422907e8ca6836b12e6834851d734",
    "src/addons/BergStudio/CryptoBotPayment/_data/activity_summary_definitions.xml": "99d8c2563a31320d66f958fc8bda78613545f5f7959bb3cf5318805e3a3c39d2",
    "src/addons/BergStudio/CryptoBotPayment/_data/admin_navigation.xml": "064ec797484ac00d5ee37367b50b06846d11f480d00550997712707f8fdac8c0",
    "src/addons/BergStudio/CryptoBotPayment/_data/admin_permission.xml": "ec6fb97cebf0bceb24f1ed1d5778c1db54eeb7535fbb3e31d824840e7aa9ff87",
    "src/addons/BergStudio/CryptoBotPayment/_data/advertising_positions.xml": "d2f7cbe844bb1df3cf878d22ff6306249245c8ff6b0b87b9b729744bec538261",
    "src/addons/BergStudio/CryptoBotPayment/_data/api_scopes.xml": "6793eaf758f140e8137187ba20e65f4faccf53410433ae3ad7a8b3b38cb6b3b7",
    "src/addons/BergStudio/CryptoBotPayment/_data/bb_codes.xml": "faa4ddd5f4a365e5ac39aebdcbe2d25aedf74e7eb9ea4a812766e2fd5e13bdb1",
    "src/addons/BergStudio/CryptoBotPayment/_data/bb_code_media_sites.xml": "29762987990187b33e43cfb68c08dc917b2d3f0176613d78f8e6c453f82da3f3",
    "src/addons/BergStudio/CryptoBotPayment/_data/class_extensions.xml": "824c4de03bca58dd5cb03fe1fbf610fec960ed30144879c4d011d69d548ce5b8",
    "src/addons/BergStudio/CryptoBotPayment/_data/code_events.xml": "8370dec3df47f91df4cf79da253446ad11b29f4ea568fe76c774e97a0379f0eb",
    "src/addons/BergStudio/CryptoBotPayment/_data/code_event_listeners.xml": "1b493a0320fc521d38d6dd5b682a014a2c637687757b3ab99bf1f0425e363f75",
    "src/addons/BergStudio/CryptoBotPayment/_data/content_type_fields.xml": "c7ad5472b28f465b7ac7617627707eba1b7a39d28089460d52e1ed292fc0b06a",
    "src/addons/BergStudio/CryptoBotPayment/_data/cron.xml": "323c4284742ef24329cd6db6f288eb9736d2353f36852e1db12591e1583aea26",
    "src/addons/BergStudio/CryptoBotPayment/_data/help_pages.xml": "a8a0c0b06cdc550438bc8a8d385af3e1e5ab3459877dfb934c1c31be59c89163",
    "src/addons/BergStudio/CryptoBotPayment/_data/member_stats.xml": "89fb2b93ff1eca7a1f6f752248edf6090dfd24037db1446fd18ff7143f08124d",
    "src/addons/BergStudio/CryptoBotPayment/_data/navigation.xml": "f75e1c03a45a360bbdfcd0567121665082315068475d5b0feb8b1acbb1688651",
    "src/addons/BergStudio/CryptoBotPayment/_data/options.xml": "1cea29aa5671733d85c8fc6f7c66128eacbca5643cbb38585eb82002879b51a4",
    "src/addons/BergStudio/CryptoBotPayment/_data/option_groups.xml": "154d7a89664b243d0bd8227c22e241f934bf7e196c83230ee23d3c0c4fba1333",
    "src/addons/BergStudio/CryptoBotPayment/_data/permissions.xml": "7e4fc7d5826733d15ea2d8936b9bdd41afcaad810eb38e50da3c8d8eafda1550",
    "src/addons/BergStudio/CryptoBotPayment/_data/permission_interface_groups.xml": "3177224e96458b829aa7fb24866dda9e0455a4922aee3d669b53f59a1ffdf5d1",
    "src/addons/BergStudio/CryptoBotPayment/_data/phrases.xml": "62fdc1bc449b2b234ef0d516c9b9781664ca75941c4c658c2fb490c98b137222",
    "src/addons/BergStudio/CryptoBotPayment/_data/routes.xml": "550fa64f9feedf137dd877b38c2684f94474619d2d83890dbb717a91b50da8f5",
    "src/addons/BergStudio/CryptoBotPayment/_data/style_properties.xml": "8b8690a8512f01f219dd2da76e3d0c5f62afc1f317b87794a7331c859c36a7a8",
    "src/addons/BergStudio/CryptoBotPayment/_data/style_property_groups.xml": "68e1879cb3846c42d978487aa8d5145ff3335fc39e58016878824d5cf3fd684c",
    "src/addons/BergStudio/CryptoBotPayment/_data/templates.xml": "509dac164649e5ba4c7a3cbc737034c35bf5725d20e5392364e5f28eee8aeeaa",
    "src/addons/BergStudio/CryptoBotPayment/_data/template_modifications.xml": "e9a6df759b43e327d9bfbac4e50a8643341613496fbcbf3d548360dde2a20b85",
    "src/addons/BergStudio/CryptoBotPayment/_data/widget_definitions.xml": "37e46965256430f24004c2e7f08ba08f9b0d1cbcc4d70e84b3f4e3ffb713e64b",
    "src/addons/BergStudio/CryptoBotPayment/_data/widget_positions.xml": "a29cee66134f6bc5d75ed9df1eef21096c24401915c5b5c774389c3d7bb2d5b3"
}