<?xml version="1.0" encoding="utf-8"?>
<template_modifications>
  <modification type="admin" template="log_payment_provider_list" modification_key="log_payment_provider_list_berg_cb" execution_order="10" enabled="0" action="str_replace">
    <find><![CDATA[</xf:datarow>]]></find>
    <replace><![CDATA[<xf:cell>
<xf:if is="$entry.provider_id == 'tg_crypto_bot' && $entry.log_type == 'info'">
	<xf:button href="{{ link('logs/payment-provider/check', $entry) }}" 
			   icon="" style="float: right;" overlay="true">
		{{ phrase('check') }}
    </xf:button>
  </xf:if>
	</xf:cell>
$0]]></replace>
  </modification>
  <modification type="admin" template="log_payment_provider_view" modification_key="log_payment_provider_view_berg_cb" execution_order="10" enabled="1" action="str_replace">
    <find><![CDATA[<span dir="auto">{$entry.log_message}</span>]]></find>
    <replace><![CDATA[$0
 <xf:if is="$entry.provider_id == 'tg_crypto_bot' && $entry.log_type == 'info'">
	<xf:button href="{{ link('logs/payment-provider/check', $entry) }}" 
			   icon="" style="float: right;" overlay="true">
		{{ phrase('check') }}
    </xf:button>
  </xf:if>]]></replace>
  </modification>
</template_modifications>
