{
    "src/addons/BergStudio/CryptoBotPayment/addon.json": "74428f16313ab735c4bc1a2292111f899128d799d304963d2062e26b30f85da6",
    "src/addons/BergStudio/CryptoBotPayment/Data/Currency.php": "b4ba98fcea8fdcbc1198c24dcc35bc558d4ccbbc321bc1dd2cf8034f5086ba18",
    "src/addons/BergStudio/CryptoBotPayment/Listener.php": "341ca7ae76fbe35c2c8f37404f722291ce1220ce3985bb6ecaae8228a15c202e",
    "src/addons/BergStudio/CryptoBotPayment/Payment/CryptoBot.php": "61e38e0fd3090b53163416c6a2461778e8c3c80c453e7291b6b680567b47359a",
    "src/addons/BergStudio/CryptoBotPayment/Service/Api.php": "c39ee5d157d4f85395d862c3509259fde6521be5416e23c9863bdd4c1efe5773",
    "src/addons/BergStudio/CryptoBotPayment/Setup.php": "f181f23259ccb72b881779f2a7dffe2ccc13e9e5dea3721ace02d2036709f88b",
    "src/addons/BergStudio/CryptoBotPayment/XF/Admin/Controller/Log.php": "28bbb2e7a6b4446cd01f23bc9c7814fe5f0eaef1d6759ecbd3cc788689bdc274",
    "src/addons/BergStudio/CryptoBotPayment/_data/activity_summary_definitions.xml": "99d8c2563a31320d66f958fc8bda78613545f5f7959bb3cf5318805e3a3c39d2",
    "src/addons/BergStudio/CryptoBotPayment/_data/admin_navigation.xml": "064ec797484ac00d5ee37367b50b06846d11f480d00550997712707f8fdac8c0",
    "src/addons/BergStudio/CryptoBotPayment/_data/admin_permission.xml": "ec6fb97cebf0bceb24f1ed1d5778c1db54eeb7535fbb3e31d824840e7aa9ff87",
    "src/addons/BergStudio/CryptoBotPayment/_data/advertising_positions.xml": "d2f7cbe844bb1df3cf878d22ff6306249245c8ff6b0b87b9b729744bec538261",
    "src/addons/BergStudio/CryptoBotPayment/_data/api_scopes.xml": "6793eaf758f140e8137187ba20e65f4faccf53410433ae3ad7a8b3b38cb6b3b7",
    "src/addons/BergStudio/CryptoBotPayment/_data/bb_codes.xml": "faa4ddd5f4a365e5ac39aebdcbe2d25aedf74e7eb9ea4a812766e2fd5e13bdb1",
    "src/addons/BergStudio/CryptoBotPayment/_data/bb_code_media_sites.xml": "29762987990187b33e43cfb68c08dc917b2d3f0176613d78f8e6c453f82da3f3",
    "src/addons/BergStudio/CryptoBotPayment/_data/class_extensions.xml": "824c4de03bca58dd5cb03fe1fbf610fec960ed30144879c4d011d69d548ce5b8",
    "src/addons/BergStudio/CryptoBotPayment/_data/code_events.xml": "8370dec3df47f91df4cf79da253446ad11b29f4ea568fe76c774e97a0379f0eb",
    "src/addons/BergStudio/CryptoBotPayment/_data/code_event_listeners.xml": "7f3f18b726c1e5172dc78a00e592a6a63ac718a2bdf568dad50d872a9de64515",
    "src/addons/BergStudio/CryptoBotPayment/_data/content_type_fields.xml": "c7ad5472b28f465b7ac7617627707eba1b7a39d28089460d52e1ed292fc0b06a",
    "src/addons/BergStudio/CryptoBotPayment/_data/cron.xml": "323c4284742ef24329cd6db6f288eb9736d2353f36852e1db12591e1583aea26",
    "src/addons/BergStudio/CryptoBotPayment/_data/help_pages.xml": "a8a0c0b06cdc550438bc8a8d385af3e1e5ab3459877dfb934c1c31be59c89163",
    "src/addons/BergStudio/CryptoBotPayment/_data/member_stats.xml": "89fb2b93ff1eca7a1f6f752248edf6090dfd24037db1446fd18ff7143f08124d",
    "src/addons/BergStudio/CryptoBotPayment/_data/navigation.xml": "f75e1c03a45a360bbdfcd0567121665082315068475d5b0feb8b1acbb1688651",
    "src/addons/BergStudio/CryptoBotPayment/_data/options.xml": "1cea29aa5671733d85c8fc6f7c66128eacbca5643cbb38585eb82002879b51a4",
    "src/addons/BergStudio/CryptoBotPayment/_data/option_groups.xml": "154d7a89664b243d0bd8227c22e241f934bf7e196c83230ee23d3c0c4fba1333",
    "src/addons/BergStudio/CryptoBotPayment/_data/permissions.xml": "7e4fc7d5826733d15ea2d8936b9bdd41afcaad810eb38e50da3c8d8eafda1550",
    "src/addons/BergStudio/CryptoBotPayment/_data/permission_interface_groups.xml": "3177224e96458b829aa7fb24866dda9e0455a4922aee3d669b53f59a1ffdf5d1",
    "src/addons/BergStudio/CryptoBotPayment/_data/phrases.xml": "62fdc1bc449b2b234ef0d516c9b9781664ca75941c4c658c2fb490c98b137222",
    "src/addons/BergStudio/CryptoBotPayment/_data/routes.xml": "550fa64f9feedf137dd877b38c2684f94474619d2d83890dbb717a91b50da8f5",
    "src/addons/BergStudio/CryptoBotPayment/_data/style_properties.xml": "8b8690a8512f01f219dd2da76e3d0c5f62afc1f317b87794a7331c859c36a7a8",
    "src/addons/BergStudio/CryptoBotPayment/_data/style_property_groups.xml": "68e1879cb3846c42d978487aa8d5145ff3335fc39e58016878824d5cf3fd684c",
    "src/addons/BergStudio/CryptoBotPayment/_data/templates.xml": "f766e483e5c3a28294310f5a51599294f072638a8e4878444e6adbedab89d64b",
    "src/addons/BergStudio/CryptoBotPayment/_data/template_modifications.xml": "e9a6df759b43e327d9bfbac4e50a8643341613496fbcbf3d548360dde2a20b85",
    "src/addons/BergStudio/CryptoBotPayment/_data/widget_definitions.xml": "37e46965256430f24004c2e7f08ba08f9b0d1cbcc4d70e84b3f4e3ffb713e64b",
    "src/addons/BergStudio/CryptoBotPayment/_data/widget_positions.xml": "a29cee66134f6bc5d75ed9df1eef21096c24401915c5b5c774389c3d7bb2d5b3"
}